video,type,type_idx,start,end,startFrame,endFrame
1.dat,walk,2,1000,2000,1000,2000
1.dat,run,1,2500,3000,2500,3000
1.dat,jump,3,4000,4500,4000,4500
1.dat,wave,4,5500,7500,5500,7500
2.dat,walk,2,500,2000,500,2000
2.dat,run,1,2500,3000,2500,3000
2.dat,wave,4,3500,4500,3500,4500
2.dat,jump,3,5500,6000,5500,6000
3.dat,walk,2,500,1500,500,1500
3.dat,jump,3,2000,2500,2000,2500
3.dat,run,1,3500,4500,3500,4500
3.dat,wave,4,5000,6500,5000,6500
4.dat,walk,2,1000,2000,1000,2000
4.dat,jump,3,2500,3500,2500,3500
4.dat,wave,4,4500,5500,4500,5500
4.dat,run,1,6500,7500,6500,7500
5.dat,walk,2,500,2000,500,2000
5.dat,wave,4,2000,3500,2000,3500
5.dat,run,1,4000,5000,4000,5000
5.dat,jump,3,6000,7000,6000,7000
6.dat,walk,2,1000,2000,1000,2000
6.dat,wave,4,2500,4000,2500,4000
6.dat,jump,3,4500,5500,4500,5500
6.dat,run,1,6500,8000,6500,8000
8.dat,run,1,1000,2000,1000,2000
8.dat,walk,2,2500,3500,2500,3500
8.dat,wave,4,4500,6000,4500,6000
8.dat,jump,3,6500,7500,6500,7500
9.dat,run,1,1000,2000,1000,2000
9.dat,jump,3,3000,4000,3000,4000
9.dat,walk,2,4500,6500,4500,6500
9.dat,wave,4,7000,8000,7000,8000
10.dat,run,1,1000,2000,1000,2000
10.dat,jump,3,2500,3500,2500,3500
10.dat,wave,4,4000,5000,4000,5000
10.dat,walk,2,5500,7000,5500,7000
11.dat,run,1,500,2000,500,2000
11.dat,wave,4,2500,4000,2500,4000
11.dat,walk,2,4500,6000,4500,6000
11.dat,jump,3,6500,8000,6500,8000
12.dat,run,1,1000,2000,1000,2000
12.dat,wave,4,2500,4000,2500,4000
12.dat,jump,3,5000,6000,5000,6000
12.dat,walk,2,6500,8500,6500,8500
13.dat,jump,3,500,1500,500,1500
13.dat,walk,2,2500,3500,2500,3500
13.dat,run,1,4500,6000,4500,6000
13.dat,wave,4,6500,8500,6500,8500
15.dat,jump,3,500,1500,500,1500
15.dat,run,1,2000,3500,2000,3500
15.dat,walk,2,4000,6000,4000,6000
15.dat,wave,4,6500,8000,6500,8000
16.dat,jump,3,500,1500,500,1500
16.dat,run,1,2000,3500,2000,3500
16.dat,wave,4,3500,5000,3500,5000
16.dat,walk,2,5500,7000,5500,7000
17.dat,jump,3,500,2000,500,2000
17.dat,wave,4,2000,3500,2000,3500
17.dat,walk,2,4500,5500,4500,5500
17.dat,run,1,6000,8500,6000,8500
18.dat,jump,3,500,1500,500,1500
18.dat,wave,4,2000,4000,2000,4000
18.dat,run,1,4500,5500,4500,5500
18.dat,walk,2,6000,7500,6000,7500
19.dat,wave,4,500,2000,500,2000
19.dat,walk,2,2000,4000,2000,4000
19.dat,run,1,4000,5500,4000,5500
19.dat,jump,3,6000,7500,6000,7500
20.dat,wave,4,500,2000,500,2000
20.dat,walk,2,2500,4000,2500,4000
20.dat,jump,3,4500,6000,4500,6000
20.dat,run,1,6500,8500,6500,8500
22.dat,wave,4,500,2000,500,2000
22.dat,run,1,2500,4000,2500,4000
22.dat,jump,3,5000,6000,5000,6000
22.dat,walk,2,6500,8500,6500,8500
23.dat,wave,4,1000,2000,1000,2000
23.dat,jump,3,2500,4000,2500,4000
23.dat,walk,2,4500,6000,4500,6000
23.dat,run,1,7000,8500,7000,8500
24.dat,wave,4,500,2000,500,2000
24.dat,jump,3,2500,3500,2500,3500
24.dat,run,1,4000,5500,4000,5500
24.dat,walk,2,6000,8000,6000,8000
25.dat,walk,2,500,2000,500,2000
25.dat,run,1,2000,3500,2000,3500
25.dat,jump,3,4000,5000,4000,5000
25.dat,bend,5,6000,7000,6000,7000
26.dat,walk,2,500,2500,500,2500
26.dat,run,1,2500,4500,2500,4500
26.dat,bend,5,4500,6000,4500,6000
26.dat,jump,3,6500,7500,6500,7500
27.dat,walk,2,500,2000,500,2000
27.dat,jump,3,2500,3500,2500,3500
27.dat,run,1,4500,6000,4500,6000
27.dat,bend,5,6500,8000,6500,8000
29.dat,walk,2,500,2000,500,2000
29.dat,bend,5,2500,4000,2500,4000
29.dat,jump,3,4500,5500,4500,5500
29.dat,run,1,6500,8000,6500,8000
30.dat,walk,2,500,2000,500,2000
30.dat,bend,5,2500,3500,2500,3500
30.dat,run,1,4000,6000,4000,6000
30.dat,jump,3,6500,8000,6500,8000
31.dat,run,1,500,2000,500,2000
31.dat,walk,2,2500,4000,2500,4000
31.dat,jump,3,4500,6000,4500,6000
31.dat,bend,5,6500,7500,6500,7500
32.dat,run,1,1000,2000,1000,2000
32.dat,walk,2,2500,4000,2500,4000
32.dat,bend,5,5000,6000,5000,6000
32.dat,jump,3,7000,8500,7000,8500
33.dat,run,1,1000,2000,1000,2000
33.dat,jump,3,2500,4000,2500,4000
33.dat,walk,2,4500,6000,4500,6000
33.dat,bend,5,7000,8500,7000,8500
34.dat,run,1,500,2000,500,2000
34.dat,jump,3,2500,4000,2500,4000
34.dat,bend,5,5000,6000,5000,6000
34.dat,walk,2,6500,8000,6500,8000
36.dat,run,1,1000,2000,1000,2000
36.dat,bend,5,3000,4000,3000,4000
36.dat,jump,3,4500,6000,4500,6000
36.dat,walk,2,6500,8000,6500,8000
37.dat,jump,3,500,1500,500,1500
37.dat,walk,2,2000,3000,2000,3000
37.dat,run,1,3500,5000,3500,5000
37.dat,bend,5,5000,7500,5000,7500
38.dat,jump,3,1000,2000,1000,2000
38.dat,walk,2,2000,3500,2000,3500
38.dat,bend,5,4000,5000,4000,5000
38.dat,run,1,5500,7000,5500,7000
39.dat,jump,3,500,2000,500,2000
39.dat,run,1,2000,4000,2000,4000
39.dat,walk,2,4500,6000,4500,6000
39.dat,bend,5,6000,7500,6000,7500
40.dat,jump,3,500,1500,500,1500
40.dat,run,1,2000,3000,2000,3000
40.dat,bend,5,4000,5000,4000,5000
40.dat,walk,2,6000,7500,6000,7500
41.dat,jump,3,500,2000,500,2000
41.dat,bend,5,2000,3500,2000,3500
41.dat,walk,2,4000,5500,4000,5500
41.dat,run,1,6000,8000,6000,8000
43.dat,bend,5,1000,2000,1000,2000
43.dat,walk,2,2500,4000,2500,4000
43.dat,run,1,4500,6000,4500,6000
43.dat,jump,3,7000,8000,7000,8000
44.dat,bend,5,500,2000,500,2000
44.dat,walk,2,2500,4000,2500,4000
44.dat,jump,3,4000,5500,4000,5500
44.dat,run,1,6000,8000,6000,8000
45.dat,bend,5,500,2000,500,2000
45.dat,run,1,2000,3500,2000,3500
45.dat,walk,2,4000,5500,4000,5500
45.dat,jump,3,6000,7000,6000,7000
46.dat,bend,5,500,2000,500,2000
46.dat,run,1,2500,4000,2500,4000
46.dat,jump,3,4500,5500,4500,5500
46.dat,walk,2,6500,8000,6500,8000
47.dat,bend,5,500,2000,500,2000
47.dat,jump,3,2500,3500,2500,3500
47.dat,walk,2,4000,5500,4000,5500
47.dat,run,1,6000,8000,6000,8000
48.dat,bend,5,1000,2000,1000,2000
48.dat,jump,3,2500,3500,2500,3500
48.dat,run,1,4000,6000,4000,6000
48.dat,walk,2,6500,8000,6500,8000
50.dat,walk,2,500,2000,500,2000
50.dat,jump,3,3000,3500,3000,3500
50.dat,run,1,5000,6000,5000,6000
50.dat,sit,7,7000,8000,7000,8000
51.dat,run,1,500,1500,500,1500
51.dat,walk,2,2500,3500,2500,3500
51.dat,jump,3,4500,6000,4500,6000
51.dat,sit,7,7000,8000,7000,8000
52.dat,run,1,500,2000,500,2000
52.dat,jump,3,3000,3500,3000,3500
52.dat,walk,2,4500,6000,4500,6000
52.dat,sit,7,7000,8000,7000,8000
53.dat,jump,3,1000,2000,1000,2000
53.dat,walk,2,2500,4000,2500,4000
53.dat,run,1,4500,6500,4500,6500
53.dat,sit,7,7000,8500,7000,8500
54.dat,jump,3,500,1500,500,1500
54.dat,run,1,2000,3500,2000,3500
54.dat,walk,2,4500,6000,4500,6000
54.dat,sit,7,7000,8500,7000,8500
55.dat,walk,2,1000,2500,1000,2500
55.dat,run,1,3000,4500,3000,4500
55.dat,wave,4,5000,6500,5000,6500
55.dat,bend,5,7000,8500,7000,8500
57.dat,walk,2,1000,2000,1000,2000
57.dat,wave,4,3000,4500,3000,4500
57.dat,run,1,5000,6500,5000,6500
57.dat,bend,5,7500,8500,7500,8500
58.dat,walk,2,1000,2500,1000,2500
58.dat,wave,4,3000,4500,3000,4500
58.dat,bend,5,5000,6500,5000,6500
58.dat,run,1,6500,8000,6500,8000
59.dat,walk,2,1000,2500,1000,2500
59.dat,bend,5,3000,4000,3000,4000
59.dat,run,1,5000,6000,5000,6000
59.dat,wave,4,7000,8500,7000,8500
60.dat,walk,2,1000,2500,1000,2500
60.dat,bend,5,3000,4000,3000,4000
60.dat,wave,4,5000,6500,5000,6500
60.dat,run,1,6500,8000,6500,8000
61.dat,run,1,1000,2500,1000,2500
61.dat,walk,2,3000,5000,3000,5000
61.dat,wave,4,5500,7000,5500,7000
61.dat,bend,5,7500,8500,7500,8500
62.dat,run,1,1000,2500,1000,2500
62.dat,walk,2,3000,5000,3000,5000
62.dat,bend,5,5500,6500,5500,6500
62.dat,wave,4,7000,8500,7000,8500
64.dat,run,1,1000,2500,1000,2500
64.dat,wave,4,3000,4500,3000,4500
64.dat,bend,5,5000,6500,5000,6500
64.dat,walk,2,7000,8500,7000,8500
65.dat,run,1,1000,2500,1000,2500
65.dat,bend,5,3000,4000,3000,4000
65.dat,walk,2,5000,7000,5000,7000
65.dat,wave,4,7500,8500,7500,8500
66.dat,run,1,1000,2500,1000,2500
66.dat,bend,5,3000,4000,3000,4000
66.dat,wave,4,4500,6000,4500,6000
66.dat,walk,2,6500,8500,6500,8500
67.dat,wave,4,1000,2500,1000,2500
67.dat,walk,2,3500,5000,3500,5000
67.dat,run,1,5500,7500,5500,7500
67.dat,bend,5,8000,8500,8000,8500
68.dat,wave,4,1000,2500,1000,2500
68.dat,walk,2,3000,5000,3000,5000
68.dat,bend,5,5500,6500,5500,6500
68.dat,run,1,7000,8500,7000,8500
69.dat,wave,4,1000,2500,1000,2500
69.dat,run,1,3000,4000,3000,4000
69.dat,walk,2,5000,6500,5000,6500
69.dat,bend,5,7000,8000,7000,8000
71.dat,wave,4,1000,2500,1000,2500
71.dat,bend,5,3000,4000,3000,4000
71.dat,walk,2,5000,6000,5000,6000
71.dat,run,1,6500,8000,6500,8000
72.dat,wave,4,1000,2500,1000,2500
72.dat,bend,5,3000,4000,3000,4000
72.dat,run,1,5000,6500,5000,6500
72.dat,walk,2,7000,8500,7000,8500
73.dat,bend,5,1000,2000,1000,2000
73.dat,walk,2,2500,4500,2500,4500
73.dat,run,1,5000,6500,5000,6500
73.dat,wave,4,7000,8500,7000,8500
74.dat,bend,5,1000,2000,1000,2000
74.dat,walk,2,3000,4500,3000,4500
74.dat,wave,4,5000,6500,5000,6500
74.dat,run,1,7000,8500,7000,8500
75.dat,bend,5,1000,2000,1000,2000
75.dat,run,1,2500,4000,2500,4000
75.dat,walk,2,5000,6500,5000,6500
75.dat,wave,4,7000,8500,7000,8500
76.dat,bend,5,1000,2000,1000,2000
76.dat,run,1,2500,4500,2500,4500
76.dat,wave,4,5000,6500,5000,6500
76.dat,walk,2,7000,8500,7000,8500
78.dat,bend,5,1000,2000,1000,2000
78.dat,wave,4,3000,4500,3000,4500
78.dat,run,1,5000,6000,5000,6000
78.dat,walk,2,7000,8500,7000,8500
79.dat,walk,2,1000,2000,1000,2000
79.dat,run,1,2500,4500,2500,4500
79.dat,wave,4,5000,6000,5000,6000
79.dat,sit,7,6500,7500,6500,7500
80.dat,walk,2,1000,2500,1000,2500
80.dat,run,1,3000,4500,3000,4500
80.dat,sit,7,5000,6000,5000,6000
80.dat,wave,4,6500,8000,6500,8000
81.dat,walk,2,1000,2500,1000,2500
81.dat,wave,4,2500,4000,2500,4000
81.dat,run,1,4500,6500,4500,6500
81.dat,sit,7,6500,7500,6500,7500
82.dat,run,1,1000,2500,1000,2500
82.dat,walk,2,3000,5000,3000,5000
82.dat,wave,4,5000,6500,5000,6500
82.dat,sit,7,7000,8000,7000,8000
83.dat,run,1,1000,2500,1000,2500
83.dat,walk,2,3000,5000,3000,5000
83.dat,sit,7,5500,6500,5500,6500
83.dat,wave,4,7000,8500,7000,8500
85.dat,wave,4,1000,2500,1000,2500
85.dat,walk,2,3000,5000,3000,5000
85.dat,run,1,5000,6500,5000,6500
85.dat,sit,7,7000,8500,7000,8500
86.dat,wave,4,1000,2500,1000,2500
86.dat,run,1,3000,4500,3000,4500
86.dat,walk,2,5000,6500,5000,6500
86.dat,sit,7,7000,8000,7000,8000
87.dat,walk,2,500,2500,500,2500
87.dat,run,1,3000,5000,3000,5000
87.dat,bend,5,5500,6500,5500,6500
87.dat,sit,7,7000,8500,7000,8500
88.dat,walk,2,1000,2500,1000,2500
88.dat,bend,5,3000,4000,3000,4000
88.dat,run,1,5000,6500,5000,6500
88.dat,sit,7,7000,8000,7000,8000
89.dat,run,1,1000,2000,1000,2000
89.dat,walk,2,2500,4500,2500,4500
89.dat,bend,5,5000,6500,5000,6500
89.dat,sit,7,6500,8000,6500,8000
90.dat,run,1,1000,2500,1000,2500
90.dat,bend,5,3000,4000,3000,4000
90.dat,walk,2,4500,6500,4500,6500
90.dat,sit,7,7000,8000,7000,8000
92.dat,bend,5,1000,2000,1000,2000
92.dat,run,1,2500,4000,2500,4000
92.dat,walk,2,4500,6500,4500,6500
92.dat,sit,7,7000,8000,7000,8000
93.dat,walk,2,1000,3000,1000,3000
93.dat,run,1,3000,5000,3000,5000
93.dat,sit,7,5500,7000,5500,7000
93.dat,stand,6,7500,8000,7500,8000
94.dat,walk,2,1000,3000,1000,3000
94.dat,sit,7,3500,4500,3500,4500
94.dat,stand,6,5000,6000,5000,6000
94.dat,run,1,6500,8500,6500,8500
95.dat,run,1,1000,2500,1000,2500
95.dat,walk,2,3000,5000,3000,5000
95.dat,sit,7,5500,6500,5500,6500
95.dat,stand,6,7000,8000,7000,8000
96.dat,run,1,1000,2500,1000,2500
96.dat,sit,7,3500,4500,3500,4500
96.dat,stand,6,5000,6000,5000,6000
96.dat,walk,2,7000,8500,7000,8500
97.dat,sit,7,1000,2000,1000,2000
97.dat,stand,6,2500,3500,2500,3500
97.dat,walk,2,4000,6500,4000,6500
97.dat,run,1,6500,8500,6500,8500
99.dat,walk,2,1000,3000,1000,3000
99.dat,jump,3,4000,4500,4000,4500
99.dat,wave,4,5000,6500,5000,6500
99.dat,bend,5,7000,8000,7000,8000
100.dat,walk,2,1000,2500,1000,2500
100.dat,jump,3,3000,3500,3000,3500
100.dat,bend,5,4500,5500,4500,5500
100.dat,wave,4,6500,8000,6500,8000
101.dat,walk,2,1000,3000,1000,3000
101.dat,wave,4,3000,4500,3000,4500
101.dat,jump,3,4500,5500,4500,5500
101.dat,bend,5,6500,7500,6500,7500
102.dat,walk,2,1000,2500,1000,2500
102.dat,wave,4,3000,5000,3000,5000
102.dat,bend,5,5500,6500,5500,6500
102.dat,jump,3,7000,8000,7000,8000
103.dat,walk,2,500,2500,500,2500
103.dat,bend,5,3000,4000,3000,4000
103.dat,jump,3,4500,5500,4500,5500
103.dat,wave,4,5500,7500,5500,7500
104.dat,walk,2,500,2500,500,2500
104.dat,bend,5,3000,4000,3000,4000
104.dat,wave,4,5000,6500,5000,6500
104.dat,jump,3,6500,8000,6500,8000
106.dat,jump,3,500,2000,500,2000
106.dat,walk,2,2500,4000,2500,4000
106.dat,bend,5,5000,6500,5000,6500
106.dat,wave,4,7500,8500,7500,8500
107.dat,jump,3,1000,2000,1000,2000
107.dat,wave,4,2500,5000,2500,5000
107.dat,walk,2,5500,7000,5500,7000
107.dat,bend,5,7500,8500,7500,8500
108.dat,jump,3,500,2000,500,2000
108.dat,wave,4,2000,4000,2000,4000
108.dat,bend,5,4500,6000,4500,6000
108.dat,walk,2,6500,8000,6500,8000
109.dat,jump,3,500,2000,500,2000
109.dat,bend,5,2500,4000,2500,4000
109.dat,walk,2,4500,6000,4500,6000
109.dat,wave,4,6500,8500,6500,8500
110.dat,jump,3,500,1500,500,1500
110.dat,bend,5,2500,4000,2500,4000
110.dat,wave,4,4500,6500,4500,6500
110.dat,walk,2,7000,8500,7000,8500
111.dat,wave,4,500,2500,500,2500
111.dat,walk,2,3500,5000,3500,5000
111.dat,jump,3,6000,7000,6000,7000
111.dat,bend,5,7000,8500,7000,8500
113.dat,wave,4,500,2000,500,2000
113.dat,jump,3,3000,4000,3000,4000
113.dat,walk,2,4500,6500,4500,6500
113.dat,bend,5,7000,8500,7000,8500
114.dat,wave,4,500,2500,500,2500
114.dat,jump,3,3000,4000,3000,4000
114.dat,bend,5,5000,6000,5000,6000
114.dat,walk,2,6500,8500,6500,8500
115.dat,wave,4,500,2500,500,2500
115.dat,bend,5,3000,4500,3000,4500
115.dat,walk,2,5000,7000,5000,7000
115.dat,jump,3,7000,8500,7000,8500
116.dat,wave,4,500,2500,500,2500
116.dat,bend,5,3000,4500,3000,4500
116.dat,jump,3,5000,6500,5000,6500
116.dat,walk,2,6500,8500,6500,8500
117.dat,bend,5,1000,2000,1000,2000
117.dat,walk,2,4000,5000,4000,5000
117.dat,jump,3,5500,6500,5500,6500
117.dat,wave,4,7000,8500,7000,8500
118.dat,bend,5,500,1500,500,1500
118.dat,walk,2,2500,4000,2500,4000
118.dat,wave,4,5000,6500,5000,6500
118.dat,jump,3,7000,8000,7000,8000
120.dat,bend,5,500,2000,500,2000
120.dat,jump,3,2500,3500,2500,3500
120.dat,wave,4,3500,5500,3500,5500
120.dat,walk,2,5500,7500,5500,7500
121.dat,bend,5,500,2000,500,2000
121.dat,wave,4,2500,4500,2500,4500
121.dat,walk,2,5500,7000,5500,7000
121.dat,jump,3,7500,8500,7500,8500
122.dat,bend,5,500,2000,500,2000
122.dat,wave,4,2500,4500,2500,4500
122.dat,jump,3,5000,6500,5000,6500
122.dat,walk,2,7000,8500,7000,8500
123.dat,walk,2,500,3000,500,3000
123.dat,jump,3,3500,4500,3500,4500
123.dat,wave,4,5000,6500,5000,6500
123.dat,sit,7,7000,8500,7000,8500
124.dat,walk,2,500,2500,500,2500
124.dat,jump,3,3000,4000,3000,4000
124.dat,sit,7,5000,6000,5000,6000
124.dat,wave,4,7000,8500,7000,8500
125.dat,walk,2,500,2500,500,2500
125.dat,wave,4,3500,5500,3500,5500
125.dat,jump,3,6000,7500,6000,7500
125.dat,sit,7,7500,8500,7500,8500
127.dat,jump,3,500,1500,500,1500
127.dat,walk,2,2500,4000,2500,4000
127.dat,sit,7,5000,6000,5000,6000
127.dat,wave,4,6500,8500,6500,8500
128.dat,jump,3,500,2000,500,2000
128.dat,wave,4,2500,4500,2500,4500
128.dat,walk,2,5500,6500,5500,6500
128.dat,sit,7,7000,8000,7000,8000
129.dat,wave,4,500,2500,500,2500
129.dat,walk,2,2500,4500,2500,4500
129.dat,jump,3,5000,6500,5000,6500
129.dat,sit,7,7000,8500,7000,8500
130.dat,wave,4,500,2500,500,2500
130.dat,jump,3,3000,4000,3000,4000
130.dat,walk,2,5000,6500,5000,6500
130.dat,sit,7,7000,8500,7000,8500
131.dat,walk,2,500,2500,500,2500
131.dat,jump,3,3000,4500,3000,4500
131.dat,bend,5,5000,6500,5000,6500
131.dat,sit,7,7500,8500,7500,8500
132.dat,walk,2,1000,2500,1000,2500
132.dat,bend,5,3500,5000,3500,5000
132.dat,jump,3,5500,7000,5500,7000
132.dat,sit,7,7500,8500,7500,8500
134.dat,jump,3,500,1500,500,1500
134.dat,bend,5,2500,4000,2500,4000
134.dat,walk,2,4500,6500,4500,6500
134.dat,sit,7,7000,8000,7000,8000
135.dat,bend,5,500,2000,500,2000
135.dat,walk,2,2500,4500,2500,4500
135.dat,jump,3,5000,6000,5000,6000
135.dat,sit,7,7000,8000,7000,8000
136.dat,bend,5,1000,2000,1000,2000
136.dat,jump,3,3000,4000,3000,4000
136.dat,walk,2,4500,6000,4500,6000
136.dat,sit,7,7000,8500,7000,8500
137.dat,walk,2,1000,3000,1000,3000
137.dat,jump,3,3500,5000,3500,5000
137.dat,sit,7,5500,7000,5500,7000
137.dat,stand,6,8000,8500,8000,8500
138.dat,walk,2,1000,2500,1000,2500
138.dat,sit,7,3000,4500,3000,4500
138.dat,stand,6,5500,6500,5500,6500
138.dat,jump,3,7500,8500,7500,8500
139.dat,jump,3,1000,1500,1000,1500
139.dat,walk,2,2500,4500,2500,4500
139.dat,sit,7,5000,6500,5000,6500
139.dat,stand,6,7000,8500,7000,8500
141.dat,sit,7,500,1500,500,1500
141.dat,stand,6,3000,4000,3000,4000
141.dat,walk,2,4500,7000,4500,7000
141.dat,jump,3,7500,8500,7500,8500
142.dat,sit,7,1000,2000,1000,2000
142.dat,stand,6,2500,4000,2500,4000
142.dat,jump,3,4500,5500,4500,5500
142.dat,walk,2,6000,8500,6000,8500
143.dat,walk,2,500,2000,500,2000
143.dat,wave,4,2500,5000,2500,5000
143.dat,bend,5,5500,7000,5500,7000
143.dat,sit,7,7500,8500,7500,8500
144.dat,walk,2,500,2000,500,2000
144.dat,bend,5,2500,4500,2500,4500
144.dat,wave,4,5000,6500,5000,6500
144.dat,sit,7,6500,8500,6500,8500
145.dat,walk,2,500,2500,500,2500
145.dat,bend,5,3000,4500,3000,4500
145.dat,sit,7,4500,6000,4500,6000
145.dat,wave,4,6500,8500,6500,8500
146.dat,wave,4,500,2500,500,2500
146.dat,walk,2,3000,4500,3000,4500
146.dat,bend,5,5500,7000,5500,7000
146.dat,sit,7,7000,8500,7000,8500
148.dat,bend,5,500,2000,500,2000
148.dat,walk,2,2500,4500,2500,4500
148.dat,wave,4,5000,7000,5000,7000
148.dat,sit,7,7000,8500,7000,8500
149.dat,bend,5,500,2000,500,2000
149.dat,walk,2,2500,4500,2500,4500
149.dat,sit,7,5000,6000,5000,6000
149.dat,wave,4,6500,8500,6500,8500
150.dat,bend,5,500,2000,500,2000
150.dat,wave,4,2500,4500,2500,4500
150.dat,walk,2,5000,6500,5000,6500
150.dat,sit,7,7500,8500,7500,8500
151.dat,walk,2,500,2500,500,2500
151.dat,wave,4,3000,5000,3000,5000
151.dat,sit,7,5000,6500,5000,6500
151.dat,stand,6,7000,8000,7000,8000
152.dat,walk,2,500,2500,500,2500
152.dat,sit,7,3500,4500,3500,4500
152.dat,stand,6,5500,6500,5500,6500
152.dat,wave,4,7000,8500,7000,8500
153.dat,walk,2,500,2500,500,2500
153.dat,sit,7,3500,4500,3500,4500
153.dat,wave,4,5000,7000,5000,7000
153.dat,stand,6,7000,8000,7000,8000
155.dat,wave,4,500,2500,500,2500
155.dat,sit,7,2500,3500,2500,3500
155.dat,stand,6,4000,5000,4000,5000
155.dat,walk,2,5500,8000,5500,8000
156.dat,sit,7,500,2000,500,2000
156.dat,stand,6,2500,4000,2500,4000
156.dat,walk,2,4500,6500,4500,6500
156.dat,wave,4,7000,8500,7000,8500
157.dat,sit,7,500,2000,500,2000
157.dat,stand,6,2500,3500,2500,3500
157.dat,wave,4,4000,6000,4000,6000
157.dat,walk,2,6500,8500,6500,8500
158.dat,sit,7,500,2000,500,2000
158.dat,wave,4,2500,4000,2500,4000
158.dat,stand,6,4500,5500,4500,5500
158.dat,walk,2,6000,8000,6000,8000
159.dat,walk,2,500,2500,500,2500
159.dat,bend,5,3000,4000,3000,4000
159.dat,sit,7,5000,6500,5000,6500
159.dat,stand,6,7000,8000,7000,8000
160.dat,walk,2,500,2500,500,2500
160.dat,sit,7,3500,5000,3500,5000
160.dat,stand,6,6000,7000,6000,7000
160.dat,bend,5,8000,8500,8000,8500
162.dat,bend,5,1000,2000,1000,2000
162.dat,sit,7,3000,4000,3000,4000
162.dat,stand,6,5000,6000,5000,6000
162.dat,walk,2,6500,8500,6500,8500
163.dat,sit,7,1000,2000,1000,2000
163.dat,stand,6,2500,3500,2500,3500
163.dat,bend,5,4500,6000,4500,6000
163.dat,walk,2,6500,8500,6500,8500
164.dat,sit,7,1000,2000,1000,2000
164.dat,stand,6,2500,3500,2500,3500
164.dat,walk,2,4000,6000,4000,6000
164.dat,bend,5,7000,8000,7000,8000
165.dat,run,1,500,2500,500,2500
165.dat,jump,3,3500,4500,3500,4500
165.dat,wave,4,5000,6500,5000,6500
165.dat,bend,5,7000,8500,7000,8500
166.dat,run,1,500,2500,500,2500
166.dat,jump,3,3000,4000,3000,4000
166.dat,bend,5,5000,6000,5000,6000
166.dat,wave,4,6500,8000,6500,8000
167.dat,run,1,500,2500,500,2500
167.dat,wave,4,3000,4500,3000,4500
167.dat,jump,3,5000,6000,5000,6000
167.dat,bend,5,7000,8500,7000,8500
169.dat,run,1,500,2500,500,2500
169.dat,bend,5,2500,4000,2500,4000
169.dat,jump,3,4500,5500,4500,5500
169.dat,wave,4,6000,8000,6000,8000
170.dat,run,1,500,2500,500,2500
170.dat,bend,5,3500,4500,3500,4500
170.dat,wave,4,5500,7500,5500,7500
170.dat,jump,3,8000,8500,8000,8500
171.dat,jump,3,500,1500,500,1500
171.dat,run,1,2000,4000,2000,4000
171.dat,wave,4,5000,7000,5000,7000
171.dat,bend,5,7000,8500,7000,8500
172.dat,jump,3,500,2000,500,2000
172.dat,run,1,2500,4000,2500,4000
172.dat,bend,5,5000,6500,5000,6500
172.dat,wave,4,7000,8500,7000,8500
173.dat,jump,3,500,2000,500,2000
173.dat,wave,4,2500,4000,2500,4000
173.dat,run,1,4500,6500,4500,6500
173.dat,bend,5,7000,8500,7000,8500
174.dat,jump,3,500,2000,500,2000
174.dat,wave,4,2000,4000,2000,4000
174.dat,bend,5,4500,5500,4500,5500
174.dat,run,1,6500,8500,6500,8500
176.dat,jump,3,500,2000,500,2000
176.dat,bend,5,2500,3500,2500,3500
176.dat,wave,4,4000,6000,4000,6000
176.dat,run,1,6500,8500,6500,8500
177.dat,wave,4,500,2000,500,2000
177.dat,run,1,2500,4500,2500,4500
177.dat,jump,3,5000,6000,5000,6000
177.dat,bend,5,6500,8000,6500,8000
178.dat,wave,4,500,2000,500,2000
178.dat,run,1,2000,4000,2000,4000
178.dat,bend,5,4500,6000,4500,6000
178.dat,jump,3,6500,8000,6500,8000
179.dat,wave,4,500,2500,500,2500
179.dat,jump,3,3000,4000,3000,4000
179.dat,run,1,4500,6500,4500,6500
179.dat,bend,5,7000,8500,7000,8500
180.dat,wave,4,1000,2500,1000,2500
180.dat,jump,3,3000,4000,3000,4000
180.dat,bend,5,5000,6000,5000,6000
180.dat,run,1,6500,8500,6500,8500
181.dat,wave,4,500,2500,500,2500
181.dat,bend,5,3000,4500,3000,4500
181.dat,run,1,4500,6500,4500,6500
181.dat,jump,3,6500,8000,6500,8000
183.dat,bend,5,1000,2000,1000,2000
183.dat,run,1,2500,5000,2500,5000
183.dat,jump,3,5000,6500,5000,6500
183.dat,wave,4,7000,8500,7000,8500
184.dat,bend,5,500,2000,500,2000
184.dat,run,1,2500,5000,2500,5000
184.dat,wave,4,5500,7000,5500,7000
184.dat,jump,3,7500,8500,7500,8500
185.dat,bend,5,500,2000,500,2000
185.dat,jump,3,2500,3500,2500,3500
185.dat,run,1,4000,6000,4000,6000
185.dat,wave,4,7000,8500,7000,8500
186.dat,bend,5,1000,2500,1000,2500
186.dat,jump,3,2500,4000,2500,4000
186.dat,wave,4,4500,6500,4500,6500
186.dat,run,1,6500,8500,6500,8500
187.dat,bend,5,500,2000,500,2000
187.dat,wave,4,2500,4500,2500,4500
187.dat,run,1,5000,7000,5000,7000
187.dat,jump,3,7500,8500,7500,8500
188.dat,bend,5,500,2000,500,2000
188.dat,wave,4,2500,4500,2500,4500
188.dat,jump,3,4500,6000,4500,6000
188.dat,run,1,6500,8500,6500,8500
190.dat,run,1,500,2500,500,2500
190.dat,jump,3,3000,4500,3000,4500
190.dat,sit,7,5500,6500,5500,6500
190.dat,wave,4,6500,8500,6500,8500
191.dat,run,1,500,2500,500,2500
191.dat,wave,4,2500,4500,2500,4500
191.dat,jump,3,5000,6500,5000,6500
191.dat,sit,7,6500,8000,6500,8000
192.dat,jump,3,500,2000,500,2000
192.dat,run,1,2000,4500,2000,4500
192.dat,wave,4,5000,6500,5000,6500
192.dat,sit,7,7000,8000,7000,8000
193.dat,jump,3,500,2000,500,2000
193.dat,run,1,2000,4000,2000,4000
193.dat,sit,7,4500,6000,4500,6000
193.dat,wave,4,6000,8000,6000,8000
194.dat,jump,3,500,2000,500,2000
194.dat,wave,4,2000,4000,2000,4000
194.dat,run,1,4500,6500,4500,6500
194.dat,sit,7,6500,8000,6500,8000
195.dat,wave,4,500,2500,500,2500
195.dat,run,1,2500,5000,2500,5000
195.dat,jump,3,5500,6500,5500,6500
195.dat,sit,7,7000,8500,7000,8500
197.dat,run,1,500,2000,500,2000
197.dat,jump,3,3000,4500,3000,4500
197.dat,bend,5,5000,6000,5000,6000
197.dat,sit,7,6500,7500,6500,7500
198.dat,run,1,500,2000,500,2000
198.dat,bend,5,2500,4000,2500,4000
198.dat,jump,3,4500,5500,4500,5500
198.dat,sit,7,6000,7500,6000,7500
199.dat,jump,3,500,2000,500,2000
199.dat,run,1,2500,4000,2500,4000
199.dat,bend,5,5000,6000,5000,6000
199.dat,sit,7,6500,8500,6500,8500
200.dat,jump,3,500,1500,500,1500
200.dat,bend,5,2500,4000,2500,4000
200.dat,run,1,4500,6500,4500,6500
200.dat,sit,7,7500,8500,7500,8500
201.dat,bend,5,1000,2000,1000,2000
201.dat,run,1,3000,4500,3000,4500
201.dat,jump,3,5500,6500,5500,6500
201.dat,sit,7,7000,8500,7000,8500
202.dat,bend,5,500,2000,500,2000
202.dat,jump,3,2500,3500,2500,3500
202.dat,run,1,4000,6000,4000,6000
202.dat,sit,7,6500,8000,6500,8000
204.dat,run,1,500,2500,500,2500
204.dat,sit,7,3000,4500,3000,4500
204.dat,stand,6,5500,6500,5500,6500
204.dat,jump,3,7500,8500,7500,8500
205.dat,jump,3,500,1500,500,1500
205.dat,run,1,2500,4500,2500,4500
205.dat,sit,7,5500,6500,5500,6500
205.dat,stand,6,7500,8500,7500,8500
206.dat,jump,3,500,1500,500,1500
206.dat,sit,7,2500,4000,2500,4000
206.dat,stand,6,4500,6000,4500,6000
206.dat,run,1,6500,8500,6500,8500
207.dat,sit,7,500,2000,500,2000
207.dat,stand,6,2500,3500,2500,3500
207.dat,jump,3,4500,5500,4500,5500
207.dat,run,1,6500,8500,6500,8500
208.dat,sit,7,500,2000,500,2000
208.dat,stand,6,3000,4000,3000,4000
208.dat,run,1,5000,7000,5000,7000
208.dat,jump,3,8000,8500,8000,8500
209.dat,run,1,500,2500,500,2500
209.dat,wave,4,3000,5000,3000,5000
209.dat,bend,5,5500,7000,5500,7000
209.dat,sit,7,7000,8500,7000,8500
211.dat,run,1,500,2500,500,2500
211.dat,bend,5,3000,4500,3000,4500
211.dat,sit,7,5500,6500,5500,6500
211.dat,wave,4,7000,8500,7000,8500
212.dat,wave,4,500,2500,500,2500
212.dat,run,1,3000,5000,3000,5000
212.dat,bend,5,5000,7000,5000,7000
212.dat,sit,7,7000,8500,7000,8500
213.dat,wave,4,500,2500,500,2500
213.dat,bend,5,2500,4000,2500,4000
213.dat,run,1,4500,6500,4500,6500
213.dat,sit,7,7000,8500,7000,8500
214.dat,bend,5,500,2000,500,2000
214.dat,run,1,2500,4500,2500,4500
214.dat,wave,4,5500,7000,5500,7000
214.dat,sit,7,7500,8500,7500,8500
215.dat,bend,5,500,2000,500,2000
215.dat,run,1,2500,4500,2500,4500
215.dat,sit,7,5000,6500,5000,6500
215.dat,wave,4,7000,8500,7000,8500
216.dat,bend,5,500,2000,500,2000
216.dat,wave,4,2500,4500,2500,4500
216.dat,run,1,5000,7500,5000,7500
216.dat,sit,7,7500,8500,7500,8500
218.dat,run,1,500,3000,500,3000
218.dat,sit,7,3000,4500,3000,4500
218.dat,wave,4,5000,7000,5000,7000
218.dat,stand,6,7500,8500,7500,8500
219.dat,run,1,500,2500,500,2500
219.dat,sit,7,3000,4500,3000,4500
219.dat,stand,6,5000,6500,5000,6500
219.dat,wave,4,7000,8500,7000,8500
220.dat,wave,4,500,2500,500,2500
220.dat,run,1,2500,5000,2500,5000
220.dat,sit,7,5500,6500,5500,6500
220.dat,stand,6,7000,8500,7000,8500
221.dat,wave,4,500,2500,500,2500
221.dat,sit,7,3000,4500,3000,4500
221.dat,stand,6,4500,6000,4500,6000
221.dat,run,1,6500,8500,6500,8500
222.dat,sit,7,500,2000,500,2000
222.dat,wave,4,2500,4500,2500,4500
222.dat,stand,6,5000,6500,5000,6500
222.dat,run,1,6500,8500,6500,8500
223.dat,sit,7,500,2000,500,2000
223.dat,stand,6,2500,4000,2500,4000
223.dat,wave,4,4500,6500,4500,6500
223.dat,run,1,7000,8500,7000,8500
225.dat,run,1,500,2500,500,2500
225.dat,bend,5,3500,4500,3500,4500
225.dat,sit,7,5500,6500,5500,6500
225.dat,stand,6,7500,8500,7500,8500
226.dat,run,1,500,2500,500,2500
226.dat,sit,7,3500,5000,3500,5000
226.dat,stand,6,5500,6500,5500,6500
226.dat,bend,5,7000,8500,7000,8500
227.dat,bend,5,500,2000,500,2000
227.dat,run,1,2500,4500,2500,4500
227.dat,sit,7,5500,6500,5500,6500
227.dat,stand,6,7500,8500,7500,8500
228.dat,bend,5,1000,2000,1000,2000
228.dat,sit,7,3000,4500,3000,4500
228.dat,stand,6,5000,6000,5000,6000
228.dat,run,1,6500,8500,6500,8500
229.dat,sit,7,500,1500,500,1500
229.dat,stand,6,2500,3500,2500,3500
229.dat,run,1,4000,6500,4000,6500
229.dat,bend,5,7000,8000,7000,8000
230.dat,sit,7,500,2000,500,2000
230.dat,stand,6,2500,4000,2500,4000
230.dat,bend,5,5000,6500,5000,6500
230.dat,run,1,7000,8500,7000,8500
232.dat,jump,3,500,2000,500,2000
232.dat,bend,5,2500,4000,2500,4000
232.dat,wave,4,4500,6500,4500,6500
232.dat,sit,7,7000,8000,7000,8000
233.dat,jump,3,500,2000,500,2000
233.dat,bend,5,2000,4000,2000,4000
233.dat,sit,7,4000,5500,4000,5500
233.dat,wave,4,5500,8000,5500,8000
234.dat,wave,4,500,2500,500,2500
234.dat,jump,3,2500,4000,2500,4000
234.dat,bend,5,4500,6000,4500,6000
234.dat,sit,7,6000,7500,6000,7500
235.dat,wave,4,500,2500,500,2500
235.dat,bend,5,2500,4500,2500,4500
235.dat,jump,3,4500,6500,4500,6500
235.dat,sit,7,7000,8500,7000,8500
236.dat,bend,5,500,2500,500,2500
236.dat,jump,3,2500,4500,2500,4500
236.dat,wave,4,5000,7000,5000,7000
236.dat,sit,7,7000,8500,7000,8500
237.dat,bend,5,1000,2500,1000,2500
237.dat,jump,3,3000,4000,3000,4000
237.dat,sit,7,5000,6000,5000,6000
237.dat,wave,4,6500,8500,6500,8500
239.dat,jump,3,500,2000,500,2000
239.dat,wave,4,2500,4000,2500,4000
239.dat,sit,7,4500,6000,4500,6000
239.dat,stand,6,6000,7500,6000,7500
240.dat,jump,3,500,2000,500,2000
240.dat,sit,7,2500,4000,2500,4000
240.dat,wave,4,4500,6000,4500,6000
240.dat,stand,6,6500,8000,6500,8000
241.dat,jump,3,500,2000,500,2000
241.dat,sit,7,2500,4000,2500,4000
241.dat,stand,6,4500,6000,4500,6000
241.dat,wave,4,6500,8500,6500,8500
242.dat,wave,4,500,2000,500,2000
242.dat,jump,3,3000,4500,3000,4500
242.dat,sit,7,5000,6000,5000,6000
242.dat,stand,6,6500,8000,6500,8000
243.dat,wave,4,500,2500,500,2500
243.dat,sit,7,2500,4000,2500,4000
243.dat,stand,6,4500,6000,4500,6000
243.dat,jump,3,6500,7500,6500,7500
244.dat,sit,7,500,2000,500,2000
244.dat,stand,6,2500,4000,2500,4000
244.dat,wave,4,4500,7000,4500,7000
244.dat,jump,3,7000,8500,7000,8500
246.dat,jump,3,500,2000,500,2000
246.dat,bend,5,3000,4500,3000,4500
246.dat,sit,7,5000,6500,5000,6500
246.dat,stand,6,7000,8000,7000,8000
247.dat,jump,3,500,2000,500,2000
247.dat,sit,7,2500,4000,2500,4000
247.dat,stand,6,5000,6000,5000,6000
247.dat,bend,5,7000,8000,7000,8000
248.dat,bend,5,1000,2000,1000,2000
248.dat,jump,3,3000,4000,3000,4000
248.dat,sit,7,5000,6500,5000,6500
248.dat,stand,6,7000,8500,7000,8500
249.dat,bend,5,500,2000,500,2000
249.dat,sit,7,3000,4000,3000,4000
249.dat,stand,6,5000,6000,5000,6000
249.dat,jump,3,7000,8000,7000,8000
250.dat,sit,7,500,2000,500,2000
250.dat,stand,6,3500,4500,3500,4500
250.dat,jump,3,5000,6500,5000,6500
250.dat,bend,5,7000,8500,7000,8500
251.dat,sit,7,500,2000,500,2000
251.dat,stand,6,3000,4000,3000,4000
251.dat,bend,5,4500,6000,4500,6000
251.dat,jump,3,6500,8000,6500,8000
253.dat,wave,4,500,2500,500,2500
253.dat,sit,7,3000,4000,3000,4000
253.dat,stand,6,5000,7000,5000,7000
253.dat,bend,5,7000,8500,7000,8500
254.dat,bend,5,500,2500,500,2500
254.dat,wave,4,3000,4500,3000,4500
254.dat,sit,7,5000,6500,5000,6500
254.dat,stand,6,7000,8500,7000,8500
255.dat,bend,5,500,2500,500,2500
255.dat,sit,7,3000,4500,3000,4500
255.dat,wave,4,5000,7000,5000,7000
255.dat,stand,6,7000,8500,7000,8500
256.dat,bend,5,500,2500,500,2500
256.dat,sit,7,3000,4500,3000,4500
256.dat,stand,6,5000,6500,5000,6500
256.dat,wave,4,7000,8500,7000,8500
257.dat,sit,7,500,2000,500,2000
257.dat,stand,6,2500,4500,2500,4500
257.dat,wave,4,5000,7000,5000,7000
257.dat,bend,5,7000,8500,7000,8500
258.dat,sit,7,500,2000,500,2000
258.dat,stand,6,2500,4000,2500,4000
258.dat,bend,5,5000,7000,5000,7000
258.dat,wave,4,7000,8500,7000,8500
260.dat,walk,2,500,2500,500,2500
260.dat,run,1,3500,5500,3500,5500
260.dat,jump,3,6000,7000,6000,7000
261.dat,walk,2,500,2500,500,2500
261.dat,jump,3,3000,4500,3000,4500
261.dat,run,1,5000,7500,5000,7500
262.dat,run,1,500,3000,500,3000
262.dat,walk,2,3000,5000,3000,5000
262.dat,jump,3,5500,7000,5500,7000
263.dat,run,1,500,3000,500,3000
263.dat,jump,3,3500,5000,3500,5000
263.dat,walk,2,5500,7500,5500,7500
264.dat,jump,3,500,2000,500,2000
264.dat,walk,2,2500,5000,2500,5000
264.dat,run,1,5500,7500,5500,7500
265.dat,jump,3,500,2000,500,2000
265.dat,run,1,2500,4500,2500,4500
265.dat,walk,2,5500,7500,5500,7500
267.dat,walk,2,500,2500,500,2500
267.dat,wave,4,3000,6000,3000,6000
267.dat,run,1,6500,8500,6500,8500
268.dat,run,1,500,2500,500,2500
268.dat,walk,2,4000,6000,4000,6000
268.dat,wave,4,6500,8500,6500,8500
269.dat,run,1,500,2500,500,2500
269.dat,wave,4,3000,5500,3000,5500
269.dat,walk,2,6000,7500,6000,7500
270.dat,wave,4,500,2500,500,2500
270.dat,run,1,3000,5000,3000,5000
270.dat,walk,2,5500,7500,5500,7500
271.dat,wave,4,500,3000,500,3000
271.dat,walk,2,3500,5000,3500,5000
271.dat,run,1,5500,8000,5500,8000
272.dat,walk,2,500,3000,500,3000
272.dat,run,1,3500,5500,3500,5500
272.dat,bend,5,6500,8500,6500,8500
274.dat,run,1,500,2500,500,2500
274.dat,walk,2,3000,5500,3000,5500
274.dat,bend,5,5500,7500,5500,7500
275.dat,run,1,500,2500,500,2500
275.dat,bend,5,3500,5500,3500,5500
275.dat,walk,2,6000,7500,6000,7500
276.dat,bend,5,500,2500,500,2500
276.dat,walk,2,3000,5000,3000,5000
276.dat,run,1,5500,8000,5500,8000
277.dat,bend,5,500,2500,500,2500
277.dat,run,1,3000,5000,3000,5000
277.dat,walk,2,5500,7500,5500,7500
278.dat,walk,2,500,2500,500,2500
278.dat,run,1,3500,5500,3500,5500
278.dat,sit,7,6500,8000,6500,8000
279.dat,run,1,500,2500,500,2500
279.dat,walk,2,3500,5000,3500,5000
279.dat,sit,7,6000,7500,6000,7500
281.dat,walk,2,500,2500,500,2500
281.dat,wave,4,3000,5500,3000,5500
281.dat,jump,3,6000,7500,6000,7500
282.dat,jump,3,500,2000,500,2000
282.dat,walk,2,2500,5000,2500,5000
282.dat,wave,4,5500,8500,5500,8500
283.dat,jump,3,500,2000,500,2000
283.dat,wave,4,3000,5000,3000,5000
283.dat,walk,2,5500,7500,5500,7500
284.dat,wave,4,500,2500,500,2500
284.dat,walk,2,3500,5500,3500,5500
284.dat,jump,3,6000,7500,6000,7500
285.dat,wave,4,500,3000,500,3000
285.dat,jump,3,3500,5000,3500,5000
285.dat,walk,2,5500,7500,5500,7500
286.dat,walk,2,500,2500,500,2500
286.dat,jump,3,4000,5000,4000,5000
286.dat,bend,5,6000,7500,6000,7500
288.dat,jump,3,500,2000,500,2000
288.dat,walk,2,3000,5000,3000,5000
288.dat,bend,5,6000,8000,6000,8000
289.dat,jump,3,500,2000,500,2000
289.dat,bend,5,2500,5000,2500,5000
289.dat,walk,2,6000,8000,6000,8000
290.dat,bend,5,500,2500,500,2500
290.dat,jump,3,3000,5000,3000,5000
290.dat,walk,2,5500,7500,5500,7500
291.dat,bend,5,500,2500,500,2500
291.dat,walk,2,3000,5000,3000,5000
291.dat,jump,3,5500,7000,5500,7000
292.dat,walk,2,500,2500,500,2500
292.dat,jump,3,4000,5500,4000,5500
292.dat,sit,7,6000,7500,6000,7500
293.dat,jump,3,500,2000,500,2000
293.dat,walk,2,2500,5000,2500,5000
293.dat,sit,7,5500,7000,5500,7000
295.dat,walk,2,500,3000,500,3000
295.dat,bend,5,3500,5500,3500,5500
295.dat,wave,4,6000,8000,6000,8000
296.dat,wave,4,500,2000,500,2000
296.dat,walk,2,3000,5000,3000,5000
296.dat,bend,5,5500,7500,5500,7500
297.dat,wave,4,500,3000,500,3000
297.dat,bend,5,3500,5000,3500,5000
297.dat,walk,2,5000,7000,5000,7000
298.dat,bend,5,500,2000,500,2000
298.dat,walk,2,3500,5000,3500,5000
298.dat,wave,4,6000,8000,6000,8000
299.dat,bend,5,500,2000,500,2000
299.dat,wave,4,3500,6500,3500,6500
299.dat,walk,2,6500,8500,6500,8500
300.dat,walk,2,500,2500,500,2500
300.dat,wave,4,3500,6500,3500,6500
300.dat,sit,7,6500,7500,6500,7500
302.dat,walk,2,500,2500,500,2500
302.dat,sit,7,3500,5000,3500,5000
302.dat,wave,4,6000,8000,6000,8000
303.dat,walk,2,500,2500,500,2500
303.dat,bend,5,3500,5500,3500,5500
303.dat,sit,7,6000,7500,6000,7500
304.dat,bend,5,500,2000,500,2000
304.dat,walk,2,3000,5000,3000,5000
304.dat,sit,7,6500,8000,6500,8000
305.dat,walk,2,1000,3000,1000,3000
305.dat,sit,7,4000,6000,4000,6000
305.dat,stand,6,8000,8500,8000,8500
306.dat,sit,7,1000,2000,1000,2000
306.dat,stand,6,3500,4500,3500,4500
306.dat,walk,2,5500,7500,5500,7500
307.dat,run,1,500,2500,500,2500
307.dat,jump,3,3000,4500,3000,4500
307.dat,wave,4,5500,8500,5500,8500
309.dat,jump,3,500,2000,500,2000
309.dat,run,1,2500,4500,2500,4500
309.dat,wave,4,5500,7500,5500,7500
310.dat,jump,3,500,2000,500,2000
310.dat,wave,4,2500,4500,2500,4500
310.dat,run,1,5000,7000,5000,7000
311.dat,wave,4,1000,2500,1000,2500
311.dat,run,1,3000,5000,3000,5000
311.dat,jump,3,5500,7000,5500,7000
312.dat,wave,4,500,2500,500,2500
312.dat,jump,3,3000,4000,3000,4000
312.dat,run,1,4500,6500,4500,6500
313.dat,run,1,500,2000,500,2000
313.dat,jump,3,3000,4500,3000,4500
313.dat,bend,5,5000,6500,5000,6500
314.dat,run,1,500,2500,500,2500
314.dat,bend,5,3000,4500,3000,4500
314.dat,jump,3,5000,6500,5000,6500
316.dat,jump,3,1000,2000,1000,2000
316.dat,bend,5,2000,3500,2000,3500
316.dat,run,1,4500,6500,4500,6500
317.dat,bend,5,1000,2000,1000,2000
317.dat,run,1,2500,4500,2500,4500
317.dat,jump,3,5500,6500,5500,6500
318.dat,bend,5,500,2000,500,2000
318.dat,jump,3,2500,4000,2500,4000
318.dat,run,1,4500,6500,4500,6500
319.dat,run,1,1000,3000,1000,3000
319.dat,jump,3,3500,5000,3500,5000
319.dat,sit,7,6000,7500,6000,7500
320.dat,jump,3,1000,2000,1000,2000
320.dat,run,1,2500,4500,2500,4500
320.dat,sit,7,6000,7500,6000,7500
321.dat,run,1,500,2500,500,2500
321.dat,wave,4,3000,4500,3000,4500
321.dat,bend,5,5000,6500,5000,6500
323.dat,wave,4,500,2500,500,2500
323.dat,run,1,2500,4500,2500,4500
323.dat,bend,5,5000,6500,5000,6500
324.dat,wave,4,500,2500,500,2500
324.dat,bend,5,2500,4000,2500,4000
324.dat,run,1,4500,6000,4500,6000
325.dat,bend,5,1000,2000,1000,2000
325.dat,run,1,2500,4000,2500,4000
325.dat,wave,4,5000,6500,5000,6500
326.dat,bend,5,500,2000,500,2000
326.dat,wave,4,2500,4500,2500,4500
326.dat,run,1,5500,7500,5500,7500
327.dat,run,1,1000,2500,1000,2500
327.dat,wave,4,3000,4500,3000,4500
327.dat,sit,7,5500,6500,5500,6500
328.dat,run,1,500,2500,500,2500
328.dat,sit,7,3000,4500,3000,4500
328.dat,wave,4,5500,8000,5500,8000
330.dat,run,1,500,2500,500,2500
330.dat,bend,5,3000,4500,3000,4500
330.dat,sit,7,5000,6500,5000,6500
331.dat,bend,5,500,1500,500,1500
331.dat,run,1,2000,4000,2000,4000
331.dat,sit,7,5000,6500,5000,6500
332.dat,run,1,500,2500,500,2500
332.dat,sit,7,2500,4000,2500,4000
332.dat,stand,6,5000,6500,5000,6500
333.dat,sit,7,500,2000,500,2000
333.dat,stand,6,2500,3500,2500,3500
333.dat,run,1,4500,6500,4500,6500
334.dat,jump,3,500,2000,500,2000
334.dat,wave,4,2000,4500,2000,4500
334.dat,bend,5,5000,6000,5000,6000
335.dat,jump,3,500,2000,500,2000
335.dat,bend,5,2000,3500,2000,3500
335.dat,wave,4,4000,6500,4000,6500
337.dat,wave,4,500,2500,500,2500
337.dat,bend,5,3000,4500,3000,4500
337.dat,jump,3,5000,6500,5000,6500
338.dat,bend,5,500,2000,500,2000
338.dat,jump,3,2000,3500,2000,3500
338.dat,wave,4,4000,6500,4000,6500
339.dat,bend,5,1000,2000,1000,2000
339.dat,wave,4,2500,4500,2500,4500
339.dat,jump,3,5500,6500,5500,6500
340.dat,jump,3,500,1500,500,1500
340.dat,wave,4,2000,4500,2000,4500
340.dat,sit,7,4500,5500,4500,5500
341.dat,jump,3,500,1500,500,1500
341.dat,sit,7,2000,3500,2000,3500
341.dat,wave,4,4500,7500,4500,7500
342.dat,wave,4,500,2500,500,2500
342.dat,jump,3,3000,4000,3000,4000
342.dat,sit,7,4500,6500,4500,6500
344.dat,bend,5,500,2000,500,2000
344.dat,jump,3,2000,3500,2000,3500
344.dat,sit,7,4000,5500,4000,5500
345.dat,jump,3,500,2000,500,2000
345.dat,sit,7,2500,4000,2500,4000
345.dat,stand,6,4500,5500,4500,5500
346.dat,sit,7,500,1500,500,1500
346.dat,stand,6,2000,3000,2000,3000
346.dat,jump,3,4000,5000,4000,5000
347.dat,wave,4,500,2500,500,2500
347.dat,bend,5,3000,4000,3000,4000
347.dat,sit,7,5000,6500,5000,6500
348.dat,bend,5,500,1500,500,1500
348.dat,wave,4,2000,4000,2000,4000
348.dat,sit,7,4500,8500,4500,8500
349.dat,bend,5,500,2000,500,2000
349.dat,sit,7,2500,3500,2500,3500
349.dat,wave,4,4500,7000,4500,7000
351.dat,sit,7,500,1500,500,1500
351.dat,wave,4,2000,4500,2000,4500
351.dat,stand,6,5000,6500,5000,6500
352.dat,sit,7,500,1500,500,1500
352.dat,stand,6,2500,4000,2500,4000
352.dat,wave,4,4500,7000,4500,7000
353.dat,bend,5,500,2000,500,2000
353.dat,sit,7,2500,4000,2500,4000
353.dat,stand,6,5000,6500,5000,6500
354.dat,sit,7,500,2000,500,2000
354.dat,stand,6,3000,4000,3000,4000
354.dat,bend,5,5000,6500,5000,6500
355.dat,walk,2,500,2000,500,2000
355.dat,run,1,2500,4000,2500,4000
355.dat,jump,3,5000,6500,5000,6500
355.dat,walk,2,7500,8500,7500,8500
356.dat,walk,2,500,2000,500,2000
356.dat,run,1,2500,4000,2500,4000
356.dat,jump,3,4500,6000,4500,6000
356.dat,run,1,6500,8000,6500,8000
358.dat,run,1,500,2000,500,2000
358.dat,walk,2,2500,4500,2500,4500
358.dat,jump,3,4500,6000,4500,6000
358.dat,run,1,6500,8000,6500,8000
359.dat,run,1,500,2000,500,2000
359.dat,jump,3,3000,4000,3000,4000
359.dat,walk,2,4500,6000,4500,6000
359.dat,run,1,6500,8500,6500,8500
360.dat,jump,3,500,2000,500,2000
360.dat,walk,2,2500,3500,2500,3500
360.dat,run,1,4000,6000,4000,6000
360.dat,jump,3,6500,7500,6500,7500
361.dat,jump,3,500,2000,500,2000
361.dat,run,1,2000,4000,2000,4000
361.dat,walk,2,4000,5500,4000,5500
361.dat,jump,3,6000,7500,6000,7500
362.dat,walk,2,500,2000,500,2000
362.dat,run,1,2500,4000,2500,4000
362.dat,wave,4,4500,6000,4500,6000
362.dat,walk,2,6500,8000,6500,8000
363.dat,walk,2,500,2000,500,2000
363.dat,wave,4,2000,5000,2000,5000
363.dat,run,1,5000,7000,5000,7000
363.dat,walk,2,7000,8500,7000,8500
365.dat,run,1,500,2000,500,2000
365.dat,wave,4,2000,4000,2000,4000
365.dat,walk,2,4000,5000,4000,5000
365.dat,run,1,6000,8000,6000,8000
366.dat,wave,4,500,2500,500,2500
366.dat,run,1,3000,4500,3000,4500
366.dat,walk,2,5000,6500,5000,6500
366.dat,wave,4,6500,8500,6500,8500
367.dat,wave,4,500,3000,500,3000
367.dat,walk,2,3000,4500,3000,4500
367.dat,run,1,5000,7000,5000,7000
367.dat,wave,4,7500,8500,7500,8500
368.dat,walk,2,500,2000,500,2000
368.dat,run,1,2500,4000,2500,4000
368.dat,bend,5,5000,6000,5000,6000
368.dat,walk,2,7000,8500,7000,8500
369.dat,walk,2,1000,2500,1000,2500
369.dat,bend,5,2500,4000,2500,4000
369.dat,run,1,4000,6000,4000,6000
369.dat,walk,2,6500,8000,6500,8000
370.dat,run,1,1000,2500,1000,2500
370.dat,walk,2,3000,4000,3000,4000
370.dat,bend,5,5500,6500,5500,6500
370.dat,run,1,6500,8500,6500,8500
372.dat,bend,5,500,2000,500,2000
372.dat,walk,2,2500,4000,2500,4000
372.dat,run,1,4500,6500,4500,6500
372.dat,bend,5,7000,8000,7000,8000
373.dat,bend,5,500,2000,500,2000
373.dat,run,1,2500,4000,2500,4000
373.dat,walk,2,4500,6000,4500,6000
373.dat,bend,5,7000,8000,7000,8000
374.dat,walk,2,500,2500,500,2500
374.dat,run,1,3000,4000,3000,4000
374.dat,walk,2,5000,6000,5000,6000
374.dat,run,1,6500,8000,6500,8000
375.dat,run,1,500,2500,500,2500
375.dat,walk,2,2500,4000,2500,4000
375.dat,run,1,5000,7000,5000,7000
375.dat,sit,7,7500,8500,7500,8500
376.dat,walk,2,500,2000,500,2000
376.dat,jump,3,2500,3500,2500,3500
376.dat,wave,4,4000,6500,4000,6500
376.dat,walk,2,7000,8500,7000,8500
377.dat,walk,2,500,2000,500,2000
377.dat,wave,4,2500,4000,2500,4000
377.dat,jump,3,4000,5500,4000,5500
377.dat,walk,2,6000,7500,6000,7500
379.dat,jump,3,500,2000,500,2000
379.dat,wave,4,2000,4000,2000,4000
379.dat,walk,2,4500,5500,4500,5500
379.dat,jump,3,6500,7500,6500,7500
380.dat,wave,4,500,2500,500,2500
380.dat,walk,2,3000,4000,3000,4000
380.dat,jump,3,4500,6000,4500,6000
380.dat,wave,4,6000,8500,6000,8500
381.dat,wave,4,500,2500,500,2500
381.dat,jump,3,3000,4000,3000,4000
381.dat,walk,2,4500,6000,4500,6000
381.dat,wave,4,6500,8500,6500,8500
382.dat,walk,2,500,2000,500,2000
382.dat,jump,3,2500,3500,2500,3500
382.dat,bend,5,4000,5500,4000,5500
382.dat,walk,2,5500,7500,5500,7500
383.dat,walk,2,500,2000,500,2000
383.dat,bend,5,2500,3500,2500,3500
383.dat,jump,3,4000,5500,4000,5500
383.dat,walk,2,6000,7500,6000,7500
384.dat,jump,3,500,1500,500,1500
384.dat,walk,2,2000,3500,2000,3500
384.dat,bend,5,4500,6000,4500,6000
384.dat,jump,3,6500,8000,6500,8000
386.dat,bend,5,500,2000,500,2000
386.dat,jump,3,2500,3500,2500,3500
386.dat,walk,2,4000,5000,4000,5000
386.dat,bend,5,6000,7500,6000,7500
387.dat,bend,5,500,2000,500,2000
387.dat,walk,2,2000,4000,2000,4000
387.dat,jump,3,4500,6000,4500,6000
387.dat,bend,5,7000,8000,7000,8000
388.dat,walk,2,500,2000,500,2000
388.dat,jump,3,3500,4500,3500,4500
388.dat,walk,2,5000,6000,5000,6000
388.dat,sit,7,6000,7000,6000,7000
389.dat,jump,3,500,2000,500,2000
389.dat,walk,2,2000,3500,2000,3500
389.dat,jump,3,4000,5000,4000,5000
389.dat,sit,7,5000,7000,5000,7000
390.dat,walk,2,500,2000,500,2000
390.dat,wave,4,2500,4500,2500,4500
390.dat,bend,5,4500,5500,4500,5500
390.dat,walk,2,6000,8000,6000,8000
391.dat,walk,2,500,2000,500,2000
391.dat,bend,5,2500,3500,2500,3500
391.dat,wave,4,4000,5500,4000,5500
391.dat,walk,2,6000,7500,6000,7500
393.dat,wave,4,500,2500,500,2500
393.dat,bend,5,3000,4000,3000,4000
393.dat,walk,2,4500,6000,4500,6000
393.dat,wave,4,6000,8500,6000,8500
394.dat,bend,5,1000,2000,1000,2000
394.dat,walk,2,2000,3500,2000,3500
394.dat,wave,4,4000,6000,4000,6000
394.dat,bend,5,6500,7500,6500,7500
395.dat,bend,5,500,1500,500,1500
395.dat,wave,4,2000,4000,2000,4000
395.dat,walk,2,4500,6000,4500,6000
395.dat,bend,5,7000,8500,7000,8500
396.dat,walk,2,1000,2000,1000,2000
396.dat,wave,4,2500,5000,2500,5000
396.dat,walk,2,5000,6000,5000,6000
396.dat,sit,7,6500,7500,6500,7500
397.dat,wave,4,500,2500,500,2500
397.dat,walk,2,2500,4000,2500,4000
397.dat,wave,4,4500,6500,4500,6500
397.dat,sit,7,7000,8500,7000,8500
398.dat,walk,2,500,2000,500,2000
398.dat,sit,7,2500,3500,2500,3500
398.dat,wave,4,4500,6500,4500,6500
398.dat,walk,2,7000,8000,7000,8000
400.dat,bend,5,1000,2000,1000,2000
400.dat,walk,2,2500,4000,2500,4000
400.dat,bend,5,4000,5000,4000,5000
400.dat,sit,7,5500,7000,5500,7000
401.dat,walk,2,500,2000,500,2000
401.dat,sit,7,3000,4000,3000,4000
401.dat,stand,6,5000,5500,5000,5500
401.dat,walk,2,6500,7500,6500,7500
402.dat,sit,7,500,2000,500,2000
402.dat,stand,6,2500,3500,2500,3500
402.dat,walk,2,4000,5000,4000,5000
402.dat,sit,7,6500,8000,6500,8000
403.dat,run,1,1000,2500,1000,2500
403.dat,jump,3,2500,4000,2500,4000
403.dat,wave,4,4500,6000,4500,6000
403.dat,run,1,6500,8500,6500,8500
404.dat,run,1,500,2500,500,2500
404.dat,wave,4,3000,4500,3000,4500
404.dat,jump,3,5000,6000,5000,6000
404.dat,run,1,6500,8500,6500,8500
405.dat,jump,3,500,2000,500,2000
405.dat,run,1,2500,4000,2500,4000
405.dat,wave,4,4500,6500,4500,6500
405.dat,jump,3,7000,8500,7000,8500
407.dat,wave,4,500,2500,500,2500
407.dat,run,1,3000,4500,3000,4500
407.dat,jump,3,4500,6000,4500,6000
407.dat,wave,4,6500,8500,6500,8500
408.dat,wave,4,1000,2500,1000,2500
408.dat,jump,3,2500,4000,2500,4000
408.dat,run,1,4500,6000,4500,6000
408.dat,wave,4,6500,8500,6500,8500
409.dat,run,1,1000,2500,1000,2500
409.dat,jump,3,3000,4000,3000,4000
409.dat,bend,5,5000,6000,5000,6000
409.dat,run,1,6500,8000,6500,8000
410.dat,run,1,500,2000,500,2000
410.dat,bend,5,2500,3500,2500,3500
410.dat,jump,3,4000,5000,4000,5000
410.dat,run,1,5500,7000,5500,7000
411.dat,jump,3,500,2000,500,2000
411.dat,run,1,2000,3500,2000,3500
411.dat,bend,5,4000,5000,4000,5000
411.dat,jump,3,6000,7000,6000,7000
412.dat,jump,3,500,2000,500,2000
412.dat,bend,5,2500,3500,2500,3500
412.dat,run,1,4000,5500,4000,5500
412.dat,jump,3,6500,8000,6500,8000
414.dat,bend,5,500,2000,500,2000
414.dat,jump,3,2500,3500,2500,3500
414.dat,run,1,4000,5500,4000,5500
414.dat,bend,5,5500,7500,5500,7500
415.dat,run,1,500,2500,500,2500
415.dat,jump,3,2500,4000,2500,4000
415.dat,run,1,4500,6500,4500,6500
415.dat,sit,7,7000,8500,7000,8500
416.dat,jump,3,500,2000,500,2000
416.dat,run,1,2000,4000,2000,4000
416.dat,jump,3,4500,5500,4500,5500
416.dat,sit,7,6500,8000,6500,8000
417.dat,run,1,500,2000,500,2000
417.dat,wave,4,3000,4500,3000,4500
417.dat,bend,5,5000,6500,5000,6500
417.dat,run,1,6500,8500,6500,8500
418.dat,run,1,500,2500,500,2500
418.dat,bend,5,3000,4000,3000,4000
418.dat,wave,4,4500,6500,4500,6500
418.dat,run,1,6500,8500,6500,8500
419.dat,wave,4,500,2500,500,2500
419.dat,run,1,2500,4000,2500,4000
419.dat,bend,5,4500,6000,4500,6000
419.dat,wave,4,6000,8000,6000,8000
421.dat,bend,5,500,2000,500,2000
421.dat,run,1,2500,4000,2500,4000
421.dat,wave,4,4500,6000,4500,6000
421.dat,bend,5,6500,7500,6500,7500
422.dat,bend,5,500,2000,500,2000
422.dat,wave,4,2000,4000,2000,4000
422.dat,run,1,4500,6000,4500,6000
422.dat,bend,5,6500,7500,6500,7500
423.dat,run,1,1000,2500,1000,2500
423.dat,wave,4,3000,4500,3000,4500
423.dat,run,1,5000,6500,5000,6500
423.dat,sit,7,7000,8500,7000,8500
424.dat,run,1,500,2000,500,2000
424.dat,wave,4,3000,4500,3000,4500
424.dat,run,1,5000,6500,5000,6500
424.dat,walk,2,6500,8500,6500,8500
425.dat,wave,4,500,2000,500,2000
425.dat,run,1,2500,4000,2500,4000
425.dat,sit,7,4500,6000,4500,6000
425.dat,wave,4,6500,8500,6500,8500
426.dat,run,1,500,2000,500,2000
426.dat,bend,5,2500,4000,2500,4000
426.dat,run,1,4500,6000,4500,6000
426.dat,sit,7,6500,8000,6500,8000
428.dat,run,1,500,2500,500,2500
428.dat,sit,7,3000,4500,3000,4500
428.dat,stand,6,5000,6000,5000,6000
428.dat,run,1,6500,8500,6500,8500
429.dat,sit,7,500,2000,500,2000
429.dat,stand,6,2500,3500,2500,3500
429.dat,run,1,4000,6000,4000,6000
429.dat,sit,7,6500,8000,6500,8000
430.dat,jump,3,500,2000,500,2000
430.dat,wave,4,2000,4500,2000,4500
430.dat,bend,5,4500,6000,4500,6000
430.dat,jump,3,6000,7500,6000,7500
431.dat,jump,3,500,2000,500,2000
431.dat,bend,5,2000,3500,2000,3500
431.dat,wave,4,3500,5500,3500,5500
431.dat,jump,3,5500,7000,5500,7000
432.dat,wave,4,500,2500,500,2500
432.dat,jump,3,2500,4000,2500,4000
432.dat,bend,5,4500,6000,4500,6000
432.dat,wave,4,6500,8000,6500,8000
433.dat,wave,4,500,2500,500,2500
433.dat,bend,5,3000,4000,3000,4000
433.dat,jump,3,4500,6000,4500,6000
433.dat,wave,4,6500,8500,6500,8500
435.dat,bend,5,500,2000,500,2000
435.dat,wave,4,2000,4000,2000,4000
435.dat,jump,3,4000,5500,4000,5500
435.dat,bend,5,6000,7500,6000,7500
436.dat,jump,3,500,2000,500,2000
436.dat,wave,4,2500,4000,2500,4000
436.dat,jump,3,4500,5500,4500,5500
436.dat,sit,7,6500,7500,6500,7500
437.dat,jump,3,500,2000,500,2000
437.dat,wave,4,2500,4500,2500,4500
437.dat,jump,3,5000,6000,5000,6000
437.dat,wave,4,6500,8500,6500,8500
438.dat,wave,4,500,3000,500,3000
438.dat,jump,3,3500,4500,3500,4500
438.dat,sit,7,5000,6500,5000,6500
438.dat,wave,4,7500,8500,7500,8500
439.dat,jump,3,500,2000,500,2000
439.dat,bend,5,2000,3000,2000,3000
439.dat,jump,3,3500,5000,3500,5000
439.dat,sit,7,5500,7000,5500,7000
440.dat,bend,5,1000,2000,1000,2000
440.dat,jump,3,2000,3500,2000,3500
440.dat,bend,5,4000,5000,4000,5000
440.dat,sit,7,5500,7500,5500,7500
442.dat,sit,7,500,2000,500,2000
442.dat,stand,6,2000,3500,2000,3500
442.dat,jump,3,3500,5000,3500,5000
442.dat,sit,7,5500,7000,5500,7000
443.dat,wave,4,500,2500,500,2500
443.dat,bend,5,3000,4000,3000,4000
443.dat,wave,4,4500,6500,4500,6500
443.dat,sit,7,6500,8000,6500,8000
444.dat,bend,5,500,2000,500,2000
444.dat,wave,4,2500,4500,2500,4500
444.dat,bend,5,4500,6000,4500,6000
444.dat,sit,7,6500,8000,6500,8000
445.dat,bend,5,500,2000,500,2000
445.dat,sit,7,2000,3000,2000,3000
445.dat,wave,4,3500,5500,3500,5500
445.dat,bend,5,6000,8000,6000,8000
446.dat,wave,4,500,2500,500,2500
446.dat,sit,7,2500,4000,2500,4000
446.dat,stand,6,4000,5500,4000,5500
446.dat,wave,4,6000,8000,6000,8000
447.dat,sit,7,500,2000,500,2000
447.dat,wave,4,2500,4500,2500,4500
447.dat,stand,6,4500,5500,4500,5500
447.dat,sit,7,6000,8000,6000,8000
449.dat,bend,5,500,2000,500,2000
449.dat,sit,7,2500,4000,2500,4000
449.dat,stand,6,4500,5500,4500,5500
449.dat,bend,5,6500,7500,6500,7500
450.dat,sit,7,500,2000,500,2000
450.dat,stand,6,2500,3500,2500,3500
450.dat,bend,5,4000,5500,4000,5500
450.dat,sit,7,5500,7000,5500,7000
451.dat,walk,2,500,2500,500,2500
451.dat,run,1,2500,4000,2500,4000
451.dat,jump,3,4500,6000,4500,6000
451.dat,run,1,6000,8000,6000,8000
452.dat,walk,2,500,2000,500,2000
452.dat,run,1,2500,4000,2500,4000
452.dat,jump,3,4500,5500,4500,5500
452.dat,sit,7,6000,8000,6000,8000
453.dat,walk,2,500,2500,500,2500
453.dat,jump,3,3000,4000,3000,4000
453.dat,run,1,4500,6500,4500,6500
453.dat,jump,3,7000,8000,7000,8000
454.dat,run,1,500,2500,500,2500
454.dat,walk,2,2500,4000,2500,4000
454.dat,jump,3,4000,5000,4000,5000
454.dat,walk,2,5500,7000,5500,7000
456.dat,jump,3,500,2000,500,2000
456.dat,walk,2,2000,3500,2000,3500
456.dat,run,1,4000,6000,4000,6000
456.dat,walk,2,6500,8000,6500,8000
457.dat,jump,3,500,2000,500,2000
457.dat,run,1,2000,4000,2000,4000
457.dat,walk,2,4500,5500,4500,5500
457.dat,run,1,6000,8000,6000,8000
458.dat,walk,2,1000,2000,1000,2000
458.dat,run,1,2500,4000,2500,4000
458.dat,wave,4,4500,6000,4500,6000
458.dat,run,1,6500,8000,6500,8000
459.dat,walk,2,500,2500,500,2500
459.dat,wave,4,2500,4000,2500,4000
459.dat,run,1,4500,6000,4500,6000
459.dat,wave,4,6500,8500,6500,8500
460.dat,run,1,1000,2500,1000,2500
460.dat,walk,2,2500,4000,2500,4000
460.dat,wave,4,4500,6500,4500,6500
460.dat,walk,2,6500,8000,6500,8000
461.dat,run,1,500,2500,500,2500
461.dat,wave,4,2500,5000,2500,5000
461.dat,walk,2,5000,6500,5000,6500
461.dat,wave,4,7000,8500,7000,8500
463.dat,wave,4,500,2500,500,2500
463.dat,walk,2,2500,4000,2500,4000
463.dat,run,1,4500,6000,4500,6000
463.dat,walk,2,6500,8000,6500,8000
464.dat,walk,2,500,2000,500,2000
464.dat,run,1,2500,4000,2500,4000
464.dat,bend,5,5000,6000,5000,6000
464.dat,run,1,6500,8000,6500,8000
465.dat,walk,2,500,2000,500,2000
465.dat,bend,5,2000,3000,2000,3000
465.dat,run,1,3500,5000,3500,5000
465.dat,bend,5,5500,6500,5500,6500
466.dat,run,1,500,2000,500,2000
466.dat,walk,2,2000,4000,2000,4000
466.dat,bend,5,4500,6000,4500,6000
466.dat,walk,2,6500,8000,6500,8000
467.dat,run,1,500,2500,500,2500
467.dat,bend,5,2500,4000,2500,4000
467.dat,walk,2,4000,6000,4000,6000
467.dat,bend,5,6000,7500,6000,7500
468.dat,bend,5,500,2000,500,2000
468.dat,walk,2,2000,3500,2000,3500
468.dat,run,1,4000,6000,4000,6000
468.dat,walk,2,6000,8000,6000,8000
470.dat,walk,2,500,2500,500,2500
470.dat,run,1,2500,4500,2500,4500
470.dat,walk,2,4500,6000,4500,6000
470.dat,run,1,6500,8500,6500,8500
471.dat,run,1,500,2500,500,2500
471.dat,walk,2,2500,4000,2500,4000
471.dat,run,1,4500,6500,4500,6500
471.dat,walk,2,6500,8000,6500,8000
472.dat,walk,2,500,2000,500,2000
472.dat,jump,3,2500,3500,2500,3500
472.dat,wave,4,3500,6000,3500,6000
472.dat,jump,3,6500,8000,6500,8000
473.dat,walk,2,500,2000,500,2000
473.dat,wave,4,3000,5000,3000,5000
473.dat,jump,3,5000,7000,5000,7000
473.dat,wave,4,7000,8500,7000,8500
474.dat,jump,3,500,2000,500,2000
474.dat,walk,2,2500,4000,2500,4000
474.dat,wave,4,4000,6000,4000,6000
474.dat,walk,2,6500,8500,6500,8500
475.dat,jump,3,500,2000,500,2000
475.dat,wave,4,2000,4000,2000,4000
475.dat,walk,2,4000,5500,4000,5500
475.dat,wave,4,6000,8000,6000,8000
477.dat,wave,4,500,3000,500,3000
477.dat,jump,3,3000,4500,3000,4500
477.dat,walk,2,4500,6000,4500,6000
477.dat,jump,3,6000,7500,6000,7500
478.dat,walk,2,500,2000,500,2000
478.dat,jump,3,2000,3500,2000,3500
478.dat,bend,5,3500,5500,3500,5500
478.dat,jump,3,5500,6500,5500,6500
479.dat,walk,2,500,2500,500,2500
479.dat,bend,5,2500,4000,2500,4000
479.dat,jump,3,4000,5500,4000,5500
479.dat,bend,5,5500,7500,5500,7500
480.dat,jump,3,500,2000,500,2000
480.dat,walk,2,2000,3500,2000,3500
480.dat,bend,5,3500,5000,3500,5000
480.dat,walk,2,5000,7000,5000,7000
481.dat,jump,3,500,2000,500,2000
481.dat,bend,5,2000,3000,2000,3000
481.dat,walk,2,3000,4500,3000,4500
481.dat,bend,5,5000,6500,5000,6500
482.dat,bend,5,500,2000,500,2000
482.dat,jump,3,2000,3500,2000,3500
482.dat,walk,2,3500,5500,3500,5500
482.dat,jump,3,5500,7000,5500,7000
484.dat,walk,2,500,2000,500,2000
484.dat,jump,3,2000,3500,2000,3500
484.dat,walk,2,3500,5000,3500,5000
484.dat,jump,3,5500,6500,5500,6500
485.dat,jump,3,500,2000,500,2000
485.dat,walk,2,2000,3500,2000,3500
485.dat,jump,3,3500,4500,3500,4500
485.dat,walk,2,5000,7000,5000,7000
486.dat,walk,2,500,2500,500,2500
486.dat,wave,4,3500,5500,3500,5500
486.dat,bend,5,5500,7000,5500,7000
486.dat,wave,4,7500,8500,7500,8500
487.dat,walk,2,500,2000,500,2000
487.dat,bend,5,2500,4000,2500,4000
487.dat,wave,4,4500,6500,4500,6500
487.dat,bend,5,6500,8000,6500,8000
488.dat,wave,4,500,2500,500,2500
488.dat,walk,2,3000,4500,3000,4500
488.dat,bend,5,5000,6500,5000,6500
488.dat,walk,2,6500,8000,6500,8000
489.dat,wave,4,500,2500,500,2500
489.dat,bend,5,3000,4000,3000,4000
489.dat,walk,2,4000,6000,4000,6000
489.dat,bend,5,6000,7500,6000,7500
491.dat,bend,5,500,2000,500,2000
491.dat,wave,4,2500,4500,2500,4500
491.dat,walk,2,4500,6000,4500,6000
491.dat,wave,4,6500,8500,6500,8500
492.dat,walk,2,500,2000,500,2000
492.dat,wave,4,2000,4000,2000,4000
492.dat,walk,2,4000,5500,4000,5500
492.dat,wave,4,6000,8000,6000,8000
493.dat,wave,4,500,2500,500,2500
493.dat,walk,2,2500,4000,2500,4000
493.dat,wave,4,4500,6500,4500,6500
493.dat,walk,2,6500,8000,6500,8000
494.dat,jump,3,500,2000,500,2000
494.dat,run,1,2000,4000,2000,4000
494.dat,wave,4,4500,6500,4500,6500
494.dat,run,1,7000,8500,7000,8500
495.dat,walk,2,500,2000,500,2000
495.dat,bend,5,2500,3500,2500,3500
495.dat,walk,2,4000,5500,4000,5500
495.dat,bend,5,6000,7500,6000,7500
496.dat,bend,5,500,2000,500,2000
496.dat,walk,2,2000,4000,2000,4000
496.dat,bend,5,4500,6000,4500,6000
496.dat,walk,2,6000,8000,6000,8000
498.dat,jump,3,500,2000,500,2000
498.dat,wave,4,2500,4000,2500,4000
498.dat,run,1,4500,6500,4500,6500
498.dat,wave,4,7000,8500,7000,8500
499.dat,run,1,500,2500,500,2500
499.dat,jump,3,3500,5000,3500,5000
499.dat,wave,4,5500,7000,5500,7000
499.dat,jump,3,7500,8500,7500,8500
500.dat,run,1,500,2000,500,2000
500.dat,wave,4,2500,4500,2500,4500
500.dat,jump,3,4500,5500,4500,5500
500.dat,wave,4,6000,8000,6000,8000
